{
	"credit": "Made with Blockbench",
	"texture_size": [64, 64],
	"textures": {
		"0": "block/birch_leaves",
		"particle": "block/birch_leaves"
	},
	"elements": [
		{
			"from": [2, 0, 13],
			"to": [3, 25, 14],
			"rotation": {"angle": 0, "axis": "z", "origin": [2, 0, 12]},
			"faces": {
				"north": {"uv": [3.5, 2, 3.75, 8.25], "texture": "#0"},
				"east": {"uv": [3.75, 2, 4, 8.25], "texture": "#0"},
				"south": {"uv": [4, 2, 4.25, 8.25], "texture": "#0"},
				"west": {"uv": [4.25, 2, 4.5, 8.25], "texture": "#0"},
				"up": {"uv": [6.25, 1.75, 6, 1.5], "texture": "#0"},
				"down": {"uv": [6.25, 1.75, 6, 2], "texture": "#0"}
			}
		},
		{
			"from": [2, 0, 2],
			"to": [3, 10, 3],
			"rotation": {"angle": 0, "axis": "z", "origin": [2, 0, 1]},
			"faces": {
				"north": {"uv": [5.5, 3, 5.75, 5.5], "texture": "#0"},
				"east": {"uv": [5.5, 5.5, 5.75, 8], "texture": "#0"},
				"south": {"uv": [5.75, 3, 6, 5.5], "texture": "#0"},
				"west": {"uv": [5.75, 5.5, 6, 8], "texture": "#0"},
				"up": {"uv": [6.5, 1.75, 6.25, 1.5], "texture": "#0"},
				"down": {"uv": [6.5, 1.75, 6.25, 2], "texture": "#0"}
			}
		},
		{
			"from": [13, 0, 2],
			"to": [14, 10, 3],
			"rotation": {"angle": 0, "axis": "z", "origin": [13, 0, 1]},
			"faces": {
				"north": {"uv": [6, 3, 6.25, 5.5], "texture": "#0"},
				"east": {"uv": [6, 5.5, 6.25, 8], "texture": "#0"},
				"south": {"uv": [6.25, 3, 6.5, 5.5], "texture": "#0"},
				"west": {"uv": [6.25, 5.5, 6.5, 8], "texture": "#0"},
				"up": {"uv": [6.75, 1.75, 6.5, 1.5], "texture": "#0"},
				"down": {"uv": [6.75, 1.75, 6.5, 2], "texture": "#0"}
			}
		},
		{
			"from": [13, 0, 13],
			"to": [14, 25, 14],
			"rotation": {"angle": 0, "axis": "z", "origin": [13, 0, 12]},
			"faces": {
				"north": {"uv": [4.5, 2, 4.75, 8.25], "texture": "#0"},
				"east": {"uv": [4.75, 2, 5, 8.25], "texture": "#0"},
				"south": {"uv": [5, 2, 5.25, 8.25], "texture": "#0"},
				"west": {"uv": [5.25, 2, 5.5, 8.25], "texture": "#0"},
				"up": {"uv": [6.75, 5.25, 6.5, 5], "texture": "#0"},
				"down": {"uv": [6.75, 5.25, 6.5, 5.5], "texture": "#0"}
			}
		},
		{
			"from": [3, 16, 13],
			"to": [13, 17, 14],
			"rotation": {"angle": 0, "axis": "z", "origin": [13, 5, 12]},
			"faces": {
				"north": {"uv": [6, 0, 8.5, 0.25], "texture": "#0"},
				"east": {"uv": [6.5, 5.5, 6.75, 5.75], "texture": "#0"},
				"south": {"uv": [6, 0.25, 8.5, 0.5], "texture": "#0"},
				"west": {"uv": [6.5, 5.75, 6.75, 6], "texture": "#0"},
				"up": {"uv": [8.5, 0.75, 6, 0.5], "texture": "#0"},
				"down": {"uv": [8.5, 0.75, 6, 1], "texture": "#0"}
			}
		},
		{
			"from": [3, 20, 13],
			"to": [13, 24, 14],
			"rotation": {"angle": 0, "axis": "z", "origin": [13, 12, 12]},
			"faces": {
				"north": {"uv": [3.5, 0, 6, 1], "texture": "#0"},
				"east": {"uv": [6.5, 3, 6.75, 4], "texture": "#0"},
				"south": {"uv": [3.5, 1, 6, 2], "texture": "#0"},
				"west": {"uv": [6.5, 4, 6.75, 5], "texture": "#0"},
				"up": {"uv": [8.5, 1.25, 6, 1], "texture": "#0"},
				"down": {"uv": [8.5, 1.25, 6, 1.5], "texture": "#0"}
			}
		},
		{
			"from": [1, 10, 1],
			"to": [15, 11, 15],
			"rotation": {"angle": 0, "axis": "y", "origin": [0, 9, 1]},
			"faces": {
				"north": {"uv": [5.5, 2, 9, 2.25], "texture": "#0"},
				"east": {"uv": [5.5, 2.25, 9, 2.5], "texture": "#0"},
				"south": {"uv": [5.5, 2.5, 9, 2.75], "texture": "#0"},
				"west": {"uv": [5.5, 2.75, 9, 3], "texture": "#0"},
				"up": {"uv": [3.5, 3.5, 0, 0], "texture": "#0"},
				"down": {"uv": [3.5, 3.5, 0, 7], "texture": "#0"}
			}
		}
	]
}