{
	"credit": "Made with Blockbench",
	"texture_size": [32, 32],
	"textures": {
		"0": "block/chain",
		"particle": "block/chain"
	},
	"elements": [
		{
			"from": [5, 1, 7],
			"to": [7, 15, 9],
			"rotation": {"angle": 0, "axis": "y", "origin": [5, 0, 7]},
			"faces": {
				"north": {"uv": [0, 0, 1, 7], "texture": "#0"},
				"east": {"uv": [1, 0, 2, 7], "texture": "#0"},
				"south": {"uv": [2, 0, 3, 7], "texture": "#0"},
				"west": {"uv": [3, 0, 4, 7], "texture": "#0"},
				"up": {"uv": [10, 4, 9, 3], "texture": "#0"},
				"down": {"uv": [5, 9, 4, 10], "texture": "#0"}
			}
		},
		{
			"from": [9, 1, 7],
			"to": [11, 15, 9],
			"rotation": {"angle": 0, "axis": "y", "origin": [9, 0, 7]},
			"faces": {
				"north": {"uv": [4, 0, 5, 7], "texture": "#0"},
				"east": {"uv": [5, 0, 6, 7], "texture": "#0"},
				"south": {"uv": [6, 0, 7, 7], "texture": "#0"},
				"west": {"uv": [0, 7, 1, 14], "texture": "#0"},
				"up": {"uv": [10, 5, 9, 4], "texture": "#0"},
				"down": {"uv": [6, 9, 5, 10], "texture": "#0"}
			}
		},
		{
			"from": [8, 0, 6],
			"to": [12, 1, 10],
			"rotation": {"angle": 0, "axis": "y", "origin": [9, 0, 7]},
			"faces": {
				"north": {"uv": [9, 5, 11, 5.5], "texture": "#0"},
				"east": {"uv": [9, 5.5, 11, 6], "texture": "#0"},
				"south": {"uv": [9, 6, 11, 6.5], "texture": "#0"},
				"west": {"uv": [9, 6.5, 11, 7], "texture": "#0"},
				"up": {"uv": [9, 2, 7, 0], "texture": "#0"},
				"down": {"uv": [3, 7, 1, 9], "texture": "#0"}
			}
		},
		{
			"from": [8, 15, 6],
			"to": [12, 16, 10],
			"rotation": {"angle": 0, "axis": "y", "origin": [9, 15, 7]},
			"faces": {
				"north": {"uv": [4, 10, 6, 10.5], "texture": "#0"},
				"east": {"uv": [10, 4, 12, 4.5], "texture": "#0"},
				"south": {"uv": [10, 4.5, 12, 5], "texture": "#0"},
				"west": {"uv": [6, 10, 8, 10.5], "texture": "#0"},
				"up": {"uv": [9, 8, 7, 6], "texture": "#0"},
				"down": {"uv": [9, 8, 7, 10], "texture": "#0"}
			}
		},
		{
			"from": [8.5, 8, 6.5],
			"to": [11.5, 9, 9.5],
			"rotation": {"angle": 0, "axis": "y", "origin": [9, 8, 7]},
			"faces": {
				"north": {"uv": [1, 10.5, 2.5, 11], "texture": "#0"},
				"east": {"uv": [10.5, 1, 12, 1.5], "texture": "#0"},
				"south": {"uv": [10.5, 1.5, 12, 2], "texture": "#0"},
				"west": {"uv": [10.5, 2, 12, 2.5], "texture": "#0"},
				"up": {"uv": [10.5, 3, 9, 1.5], "texture": "#0"},
				"down": {"uv": [4, 9, 2.5, 10.5], "texture": "#0"}
			}
		},
		{
			"from": [4.5, 8, 6.5],
			"to": [7.5, 9, 9.5],
			"rotation": {"angle": 0, "axis": "y", "origin": [5, 8, 7]},
			"faces": {
				"north": {"uv": [8, 10, 9.5, 10.5], "texture": "#0"},
				"east": {"uv": [9.5, 10, 11, 10.5], "texture": "#0"},
				"south": {"uv": [10.5, 0, 12, 0.5], "texture": "#0"},
				"west": {"uv": [10.5, 0.5, 12, 1], "texture": "#0"},
				"up": {"uv": [10.5, 1.5, 9, 0], "texture": "#0"},
				"down": {"uv": [2.5, 9, 1, 10.5], "texture": "#0"}
			}
		},
		{
			"from": [4, 0, 6],
			"to": [8, 1, 10],
			"rotation": {"angle": 0, "axis": "y", "origin": [5, 0, 7]},
			"faces": {
				"north": {"uv": [9, 7, 11, 7.5], "texture": "#0"},
				"east": {"uv": [9, 7.5, 11, 8], "texture": "#0"},
				"south": {"uv": [9, 8, 11, 8.5], "texture": "#0"},
				"west": {"uv": [9, 8.5, 11, 9], "texture": "#0"},
				"up": {"uv": [9, 4, 7, 2], "texture": "#0"},
				"down": {"uv": [5, 7, 3, 9], "texture": "#0"}
			}
		},
		{
			"from": [4, 15, 6],
			"to": [8, 16, 10],
			"rotation": {"angle": 0, "axis": "y", "origin": [5, 15, 7]},
			"faces": {
				"north": {"uv": [9, 9, 11, 9.5], "texture": "#0"},
				"east": {"uv": [9, 9.5, 11, 10], "texture": "#0"},
				"south": {"uv": [10, 3, 12, 3.5], "texture": "#0"},
				"west": {"uv": [10, 3.5, 12, 4], "texture": "#0"},
				"up": {"uv": [9, 6, 7, 4], "texture": "#0"},
				"down": {"uv": [7, 7, 5, 9], "texture": "#0"}
			}
		}
	],
	"display": {
		"thirdperson_righthand": {
			"rotation": [23.35, -88.3, 14.9],
			"translation": [0, -1.5, 0],
			"scale": [0.69922, 0.6543, 1]
		},
		"thirdperson_lefthand": {
			"rotation": [-54.02, -86.37, -56.08],
			"translation": [0, -2.25, 0],
			"scale": [0.78711, 0.82422, 1]
		},
		"firstperson_righthand": {
			"rotation": [180, -82.5, 180]
		},
		"firstperson_lefthand": {
			"rotation": [-180, 85, 180]
		},
		"ground": {
			"rotation": [88.83, -1.68, 127.68],
			"translation": [0, -4, 0]
		}
	}
}