{
	"credit": "Made with Blockbench",
	"texture_size": [32, 32],
	"textures": {
		"0": "block/poppy",
		"particle": "block/poppy"
	},
	"elements": [
		{
			"from": [6, 0, 6],
			"to": [11, 1, 11],
			"rotation": {"angle": 0, "axis": "y", "origin": [9, 0, 6]},
			"faces": {
				"north": {"uv": [0, 5, 2.5, 5.5], "texture": "#0"},
				"east": {"uv": [0, 5.5, 2.5, 6], "texture": "#0"},
				"south": {"uv": [0, 6, 2.5, 6.5], "texture": "#0"},
				"west": {"uv": [0, 6.5, 2.5, 7], "texture": "#0"},
				"up": {"uv": [2.5, 2.5, 0, 0], "texture": "#0"},
				"down": {"uv": [2.5, 2.5, 0, 5], "texture": "#0"}
			}
		},
		{
			"from": [5, 6.5, 8.6],
			"to": [6, 6.5, 9.6],
			"rotation": {"angle": -22.5, "axis": "x", "origin": [8.5, 0, 7.6]},
			"faces": {
				"north": {"uv": [0.5, 0, 0, 0], "rotation": 180, "texture": "#0"},
				"east": {"uv": [0, 0, 0, 0.5], "rotation": 270, "texture": "#0"},
				"south": {"uv": [0.5, 0, 0, 0], "texture": "#0"},
				"west": {"uv": [0, 0, 0, 0.5], "rotation": 90, "texture": "#0"},
				"up": {"uv": [6, 7, 6.5, 7.5], "rotation": 180, "texture": "#0"},
				"down": {"uv": [6.5, 7, 7, 7.5], "texture": "#0"}
			}
		},
		{
			"from": [7, 6.5, 8.6],
			"to": [8, 6.5, 9.6],
			"rotation": {"angle": -22.5, "axis": "x", "origin": [8.5, 0, 7.6]},
			"faces": {
				"north": {"uv": [0.5, 0, 0, 0], "rotation": 180, "texture": "#0"},
				"east": {"uv": [0, 0, 0, 0.5], "rotation": 270, "texture": "#0"},
				"south": {"uv": [0.5, 0, 0, 0], "texture": "#0"},
				"west": {"uv": [0, 0, 0, 0.5], "rotation": 90, "texture": "#0"},
				"up": {"uv": [7, 7, 7.5, 7.5], "rotation": 180, "texture": "#0"},
				"down": {"uv": [0, 7.5, 0.5, 8], "texture": "#0"}
			}
		},
		{
			"from": [9, 6.5, 8.6],
			"to": [10, 6.5, 9.6],
			"rotation": {"angle": -22.5, "axis": "x", "origin": [8.5, 0, 7.6]},
			"faces": {
				"north": {"uv": [0.5, 0, 0, 0], "rotation": 180, "texture": "#0"},
				"east": {"uv": [0, 0, 0, 0.5], "rotation": 270, "texture": "#0"},
				"south": {"uv": [0.5, 0, 0, 0], "texture": "#0"},
				"west": {"uv": [0, 0, 0, 0.5], "rotation": 90, "texture": "#0"},
				"up": {"uv": [0.5, 7.5, 1, 8], "rotation": 180, "texture": "#0"},
				"down": {"uv": [1, 7.5, 1.5, 8], "texture": "#0"}
			}
		},
		{
			"from": [11, 6.5, 8.6],
			"to": [12, 6.5, 9.6],
			"rotation": {"angle": -22.5, "axis": "x", "origin": [8.5, 0, 7.6]},
			"faces": {
				"north": {"uv": [0.5, 0, 0, 0], "rotation": 180, "texture": "#0"},
				"east": {"uv": [0, 0, 0, 0.5], "rotation": 270, "texture": "#0"},
				"south": {"uv": [0.5, 0, 0, 0], "texture": "#0"},
				"west": {"uv": [0, 0, 0, 0.5], "rotation": 90, "texture": "#0"},
				"up": {"uv": [1.5, 7.5, 2, 8], "rotation": 180, "texture": "#0"},
				"down": {"uv": [2, 7.5, 2.5, 8], "texture": "#0"}
			}
		},
		{
			"from": [11, 6.5, 7.2],
			"to": [12, 6.5, 8.2],
			"rotation": {"angle": 22.5, "axis": "x", "origin": [8.5, 0, 9.2]},
			"faces": {
				"north": {"uv": [0.5, 0, 0, 0], "rotation": 180, "texture": "#0"},
				"east": {"uv": [0, 0, 0, 0.5], "rotation": 90, "texture": "#0"},
				"south": {"uv": [0.5, 0, 0, 0], "texture": "#0"},
				"west": {"uv": [0, 0, 0, 0.5], "rotation": 270, "texture": "#0"},
				"up": {"uv": [7, 7.5, 7.5, 8], "texture": "#0"},
				"down": {"uv": [6.5, 7.5, 7, 8], "rotation": 180, "texture": "#0"}
			}
		},
		{
			"from": [5, 6.5, 7.4],
			"to": [6, 6.5, 8.4],
			"rotation": {"angle": 22.5, "axis": "x", "origin": [8.5, 0, 9.4]},
			"faces": {
				"north": {"uv": [0.5, 0, 0, 0], "rotation": 180, "texture": "#0"},
				"east": {"uv": [0, 0, 0, 0.5], "rotation": 90, "texture": "#0"},
				"south": {"uv": [0.5, 0, 0, 0], "texture": "#0"},
				"west": {"uv": [0, 0, 0, 0.5], "rotation": 270, "texture": "#0"},
				"up": {"uv": [6, 7.5, 6.5, 8], "texture": "#0"},
				"down": {"uv": [5.5, 7.5, 6, 8], "rotation": 180, "texture": "#0"}
			}
		},
		{
			"from": [7, 6.5, 7.4],
			"to": [8, 6.5, 8.4],
			"rotation": {"angle": 22.5, "axis": "x", "origin": [8.5, 0, 9.4]},
			"faces": {
				"north": {"uv": [0.5, 0, 0, 0], "rotation": 180, "texture": "#0"},
				"east": {"uv": [0, 0, 0, 0.5], "rotation": 90, "texture": "#0"},
				"south": {"uv": [0.5, 0, 0, 0], "texture": "#0"},
				"west": {"uv": [0, 0, 0, 0.5], "rotation": 270, "texture": "#0"},
				"up": {"uv": [5, 7.5, 5.5, 8], "texture": "#0"},
				"down": {"uv": [4.5, 7.5, 5, 8], "rotation": 180, "texture": "#0"}
			}
		},
		{
			"from": [9, 6.5, 7.4],
			"to": [10, 6.5, 8.4],
			"rotation": {"angle": 22.5, "axis": "x", "origin": [8.5, 0, 9.4]},
			"faces": {
				"north": {"uv": [0.5, 0, 0, 0], "rotation": 180, "texture": "#0"},
				"east": {"uv": [0, 0, 0, 0.5], "rotation": 90, "texture": "#0"},
				"south": {"uv": [0.5, 0, 0, 0], "texture": "#0"},
				"west": {"uv": [0, 0, 0, 0.5], "rotation": 270, "texture": "#0"},
				"up": {"uv": [3, 7.5, 3.5, 8], "texture": "#0"},
				"down": {"uv": [2.5, 7.5, 3, 8], "rotation": 180, "texture": "#0"}
			}
		},
		{
			"from": [4, 0.1, 8],
			"to": [13, 0.1, 9],
			"rotation": {"angle": 0, "axis": "y", "origin": [4, 0.1, 7]},
			"faces": {
				"north": {"uv": [0, 0, 4.5, 0], "texture": "#0"},
				"east": {"uv": [0, 0, 0.5, 0], "texture": "#0"},
				"south": {"uv": [0, 0, 4.5, 0], "texture": "#0"},
				"west": {"uv": [0, 0, 0.5, 0], "texture": "#0"},
				"up": {"uv": [9, 2.5, 4.5, 2], "texture": "#0"},
				"down": {"uv": [9, 2.5, 4.5, 3], "texture": "#0"}
			}
		},
		{
			"from": [3, 0, 8.2],
			"to": [4, 6, 9.2],
			"rotation": {"angle": 22.5, "axis": "x", "origin": [8.5, 0, 9.2]},
			"faces": {
				"north": {"uv": [3, 7.5, 2.5, 1], "rotation": 180, "texture": "#0"},
				"east": {"uv": [2.5, 0, 9, 0.5], "rotation": 90, "texture": "#0"},
				"south": {"uv": [3.5, 1, 3, 7.5], "texture": "#0"},
				"west": {"uv": [2.5, 0.5, 9, 1], "rotation": 270, "texture": "#0"},
				"up": {"uv": [0.5, 7, 1, 7.5], "texture": "#0"},
				"down": {"uv": [0, 7, 0.5, 7.5], "rotation": 180, "texture": "#0"}
			}
		},
		{
			"from": [13, 0, 8.4],
			"to": [14, 6, 9.4],
			"rotation": {"angle": 22.5, "axis": "x", "origin": [8.5, 0, 9.4]},
			"faces": {
				"north": {"uv": [4, 8.5, 3.5, 2], "rotation": 180, "texture": "#0"},
				"east": {"uv": [3.5, 1, 10, 1.5], "rotation": 90, "texture": "#0"},
				"south": {"uv": [4.5, 2, 4, 8.5], "texture": "#0"},
				"west": {"uv": [3.5, 1.5, 10, 2], "rotation": 270, "texture": "#0"},
				"up": {"uv": [1.5, 7, 2, 7.5], "texture": "#0"},
				"down": {"uv": [1, 7, 1.5, 7.5], "rotation": 180, "texture": "#0"}
			}
		},
		{
			"from": [13, 0, 7.6],
			"to": [14, 6, 8.6],
			"rotation": {"angle": -22.5, "axis": "x", "origin": [8.5, 0, 7.6]},
			"faces": {
				"north": {"uv": [4.5, 2, 4, 8.5], "rotation": 180, "texture": "#0"},
				"east": {"uv": [3.5, 1, 10, 1.5], "rotation": 270, "texture": "#0"},
				"south": {"uv": [4, 8.5, 3.5, 2], "texture": "#0"},
				"west": {"uv": [3.5, 1.5, 10, 2], "rotation": 90, "texture": "#0"},
				"up": {"uv": [1, 7, 1.5, 7.5], "rotation": 180, "texture": "#0"},
				"down": {"uv": [1.5, 7, 2, 7.5], "texture": "#0"}
			}
		},
		{
			"from": [3, 0, 7.6],
			"to": [4, 6, 8.6],
			"rotation": {"angle": -22.5, "axis": "x", "origin": [8.5, 0, 7.6]},
			"faces": {
				"north": {"uv": [3.5, 1, 3, 7.5], "rotation": 180, "texture": "#0"},
				"east": {"uv": [2.5, 0, 9, 0.5], "rotation": 270, "texture": "#0"},
				"south": {"uv": [3, 7.5, 2.5, 1], "texture": "#0"},
				"west": {"uv": [2.5, 0.5, 9, 1], "rotation": 90, "texture": "#0"},
				"up": {"uv": [0, 7, 0.5, 7.5], "rotation": 180, "texture": "#0"},
				"down": {"uv": [0.5, 7, 1, 7.5], "texture": "#0"}
			}
		},
		{
			"from": [4, 6, 7.6],
			"to": [13, 7, 8.6],
			"rotation": {"angle": -22.5, "axis": "x", "origin": [8.5, 0, 7.6]},
			"faces": {
				"north": {"uv": [9, 4.5, 4.5, 5], "rotation": 180, "texture": "#0"},
				"east": {"uv": [2, 7, 2.5, 7.5], "rotation": 270, "texture": "#0"},
				"south": {"uv": [9, 4.5, 4.5, 4], "texture": "#0"},
				"west": {"uv": [4.5, 7, 5, 7.5], "rotation": 90, "texture": "#0"},
				"up": {"uv": [4.5, 3, 9, 3.5], "rotation": 180, "texture": "#0"},
				"down": {"uv": [4.5, 3.5, 9, 4], "texture": "#0"}
			}
		},
		{
			"from": [4, 6, 8.4],
			"to": [13, 7, 9.4],
			"rotation": {"angle": 22.5, "axis": "x", "origin": [8.5, 0, 9.4]},
			"faces": {
				"north": {"uv": [9, 6.5, 4.5, 6], "rotation": 180, "texture": "#0"},
				"east": {"uv": [5, 7, 5.5, 7.5], "rotation": 90, "texture": "#0"},
				"south": {"uv": [9, 6.5, 4.5, 7], "texture": "#0"},
				"west": {"uv": [5.5, 7, 6, 7.5], "rotation": 270, "texture": "#0"},
				"up": {"uv": [4.5, 5.5, 9, 6], "texture": "#0"},
				"down": {"uv": [4.5, 5, 9, 5.5], "rotation": 180, "texture": "#0"}
			}
		}
	],
	"display": {
		"thirdperson_righthand": {
			"rotation": [132.48, -5.38, 109.7],
			"translation": [-2.5, 1.75, -1.5],
			"scale": [0.5, 0.5, 0.5]
		},
		"firstperson_righthand": {
			"rotation": [32, -26, 32],
			"translation": [-1.5, 8.25, -2.25]
		},
		"firstperson_lefthand": {
			"rotation": [5, 0, 21.25],
			"translation": [0, 8.5, 0]
		},
		"ground": {
			"translation": [0, 8, 0]
		},
		"gui": {
			"rotation": [63, 32, 0],
			"translation": [-0.25, 3.75, 0]
		},
		"head": {
			"translation": [0, 16, 0]
		},
		"fixed": {
			"rotation": [-90, 0, 0],
			"translation": [0, 0, -7.25]
		}
	}
}