{
	"credit": "Made with Blockbench",
	"textures": {
		"0": "block/sponge",
		"particle": "block/sponge"
	},
	"elements": [
		{
			"from": [0, 0, 14],
			"to": [16, 1, 16],
			"rotation": {"angle": 0, "axis": "y", "origin": [7, 0, 7]},
			"faces": {
				"north": {"uv": [8, 7.25, 11.5, 7.5], "texture": "#0"},
				"east": {"uv": [8.25, 9, 8.5, 9.25], "texture": "#0"},
				"south": {"uv": [8.25, 3.75, 11.75, 4], "texture": "#0"},
				"west": {"uv": [8.25, 9.25, 8.5, 9.5], "texture": "#0"},
				"up": {"uv": [11.75, 4.25, 8.25, 4], "texture": "#0"},
				"down": {"uv": [11.75, 4.25, 8.25, 4.5], "texture": "#0"}
			}
		},
		{
			"from": [0, 0, 0],
			"to": [16, 1, 2],
			"rotation": {"angle": 0, "axis": "y", "origin": [7, 0, -6]},
			"faces": {
				"north": {"uv": [8.25, 4.5, 11.75, 4.75], "texture": "#0"},
				"east": {"uv": [8.25, 9.5, 8.5, 9.75], "texture": "#0"},
				"south": {"uv": [8.25, 4.75, 11.75, 5], "texture": "#0"},
				"west": {"uv": [8.25, 9.75, 8.5, 10], "texture": "#0"},
				"up": {"uv": [12, 0.25, 8.5, 0], "texture": "#0"},
				"down": {"uv": [12, 0.25, 8.5, 0.5], "texture": "#0"}
			}
		},
		{
			"from": [2, 11, 1],
			"to": [14, 12, 2],
			"rotation": {"angle": 0, "axis": "y", "origin": [7, 11, -6]},
			"faces": {
				"north": {"uv": [8.75, 2, 11.75, 2.25], "texture": "#0"},
				"east": {"uv": [11.75, 2.75, 12, 3], "texture": "#0"},
				"south": {"uv": [8.75, 2.25, 11.75, 2.5], "texture": "#0"},
				"west": {"uv": [3, 11.75, 3.25, 12], "texture": "#0"},
				"up": {"uv": [11.75, 2.75, 8.75, 2.5], "texture": "#0"},
				"down": {"uv": [11.75, 2.75, 8.75, 3], "texture": "#0"}
			}
		},
		{
			"from": [2, 11, 14],
			"to": [14, 12, 15],
			"rotation": {"angle": 0, "axis": "y", "origin": [7, 11, 7]},
			"faces": {
				"north": {"uv": [8.75, 3, 11.75, 3.25], "texture": "#0"},
				"east": {"uv": [11.75, 3, 12, 3.25], "texture": "#0"},
				"south": {"uv": [8.75, 3.25, 11.75, 3.5], "texture": "#0"},
				"west": {"uv": [3.25, 11.75, 3.5, 12], "texture": "#0"},
				"up": {"uv": [11.75, 5.25, 8.75, 5], "texture": "#0"},
				"down": {"uv": [11.75, 5.25, 8.75, 5.5], "texture": "#0"}
			}
		},
		{
			"from": [0, 0, 2],
			"to": [2, 1, 14],
			"rotation": {"angle": 0, "axis": "y", "origin": [-6, 0, 10]},
			"faces": {
				"north": {"uv": [8, 11.5, 8.25, 11.75], "texture": "#0"},
				"east": {"uv": [8.5, 3.5, 11.5, 3.75], "texture": "#0"},
				"south": {"uv": [10.25, 11.5, 10.5, 11.75], "texture": "#0"},
				"west": {"uv": [7.5, 8.5, 10.5, 8.75], "texture": "#0"},
				"up": {"uv": [1, 11.5, 0.75, 8.5], "texture": "#0"},
				"down": {"uv": [1.25, 8.5, 1, 11.5], "texture": "#0"}
			}
		},
		{
			"from": [14, 0, 2],
			"to": [16, 1, 14],
			"rotation": {"angle": 0, "axis": "y", "origin": [7, 0, 10]},
			"faces": {
				"north": {"uv": [11.5, 11.25, 11.75, 11.5], "texture": "#0"},
				"east": {"uv": [8.75, 0.5, 11.75, 0.75], "texture": "#0"},
				"south": {"uv": [11.5, 11.5, 11.75, 11.75], "texture": "#0"},
				"west": {"uv": [8.75, 0.75, 11.75, 1], "texture": "#0"},
				"up": {"uv": [1.5, 11.5, 1.25, 8.5], "texture": "#0"},
				"down": {"uv": [1.75, 8.5, 1.5, 11.5], "texture": "#0"}
			}
		},
		{
			"from": [14, 11, 2],
			"to": [15, 12, 14],
			"rotation": {"angle": 0, "axis": "y", "origin": [7, 11, 10]},
			"faces": {
				"north": {"uv": [11.75, 2.25, 12, 2.5], "texture": "#0"},
				"east": {"uv": [8.75, 1, 11.75, 1.25], "texture": "#0"},
				"south": {"uv": [2.5, 11.75, 2.75, 12], "texture": "#0"},
				"west": {"uv": [8.75, 1.25, 11.75, 1.5], "texture": "#0"},
				"up": {"uv": [5, 11.75, 4.75, 8.75], "texture": "#0"},
				"down": {"uv": [5.25, 8.75, 5, 11.75], "texture": "#0"}
			}
		},
		{
			"from": [1, 11, 2],
			"to": [2, 12, 14],
			"rotation": {"angle": 0, "axis": "y", "origin": [-6, 11, 10]},
			"faces": {
				"north": {"uv": [11.75, 2.5, 12, 2.75], "texture": "#0"},
				"east": {"uv": [8.75, 1.5, 11.75, 1.75], "texture": "#0"},
				"south": {"uv": [2.75, 11.75, 3, 12], "texture": "#0"},
				"west": {"uv": [8.75, 1.75, 11.75, 2], "texture": "#0"},
				"up": {"uv": [5.5, 11.75, 5.25, 8.75], "texture": "#0"},
				"down": {"uv": [5.75, 8.75, 5.5, 11.75], "texture": "#0"}
			}
		},
		{
			"from": [14, 1, 14],
			"to": [15, 13, 15],
			"rotation": {"angle": 0, "axis": "y", "origin": [7, 0, 11]},
			"faces": {
				"north": {"uv": [0, 8.5, 0.25, 11.5], "texture": "#0"},
				"east": {"uv": [0.25, 8.5, 0.5, 11.5], "texture": "#0"},
				"south": {"uv": [0.5, 8.5, 0.75, 11.5], "texture": "#0"},
				"west": {"uv": [8.5, 0.5, 8.75, 3.5], "texture": "#0"},
				"up": {"uv": [3, 6.25, 2.75, 6], "texture": "#0"},
				"down": {"uv": [2.75, 7.25, 2.5, 7.5], "texture": "#0"}
			}
		},
		{
			"from": [14, 11.25, 5.75],
			"to": [15, 12.25, 13],
			"rotation": {"angle": 22.5, "axis": "x", "origin": [7, 8.25, 15.75]},
			"faces": {
				"north": {"uv": [1, 11.75, 1.25, 12], "texture": "#0"},
				"east": {"uv": [10, 6.75, 11.75, 7], "texture": "#0"},
				"south": {"uv": [11.75, 1, 12, 1.25], "texture": "#0"},
				"west": {"uv": [10, 7, 11.75, 7.25], "texture": "#0"},
				"up": {"uv": [8.5, 13, 8.25, 11.25], "texture": "#0"},
				"down": {"uv": [8.75, 11.25, 8.5, 13], "texture": "#0"}
			}
		},
		{
			"from": [1, 11.25, 5.75],
			"to": [2, 12.25, 13],
			"rotation": {"angle": 22.5, "axis": "x", "origin": [-6, 8.25, 15.75]},
			"faces": {
				"north": {"uv": [1.25, 11.75, 1.5, 12], "texture": "#0"},
				"east": {"uv": [8.75, 11.25, 10.5, 11.5], "texture": "#0"},
				"south": {"uv": [11.75, 1.25, 12, 1.5], "texture": "#0"},
				"west": {"uv": [11.25, 10, 13, 10.25], "texture": "#0"},
				"up": {"uv": [11.5, 12, 11.25, 10.25], "texture": "#0"},
				"down": {"uv": [10.75, 11.25, 10.5, 13], "texture": "#0"}
			}
		},
		{
			"from": [14, 10.75, 0.25],
			"to": [15, 11.75, 7.5],
			"rotation": {"angle": -22.5, "axis": "x", "origin": [7, 14.75, -2.5]},
			"faces": {
				"north": {"uv": [1.5, 11.75, 1.75, 12], "texture": "#0"},
				"east": {"uv": [0, 11.5, 1.75, 11.75], "texture": "#0"},
				"south": {"uv": [11.75, 1.5, 12, 1.75], "texture": "#0"},
				"west": {"uv": [11.5, 3.5, 13.25, 3.75], "texture": "#0"},
				"up": {"uv": [11, 13, 10.75, 11.25], "texture": "#0"},
				"down": {"uv": [11.25, 11.25, 11, 13], "texture": "#0"}
			}
		},
		{
			"from": [1, 10.75, 0.25],
			"to": [2, 11.75, 7.5],
			"rotation": {"angle": -22.5, "axis": "x", "origin": [-6, 14.75, -2.5]},
			"faces": {
				"north": {"uv": [11.75, 1.75, 12, 2], "texture": "#0"},
				"east": {"uv": [11.5, 5.5, 13.25, 5.75], "texture": "#0"},
				"south": {"uv": [11.75, 2, 12, 2.25], "texture": "#0"},
				"west": {"uv": [5.75, 11.5, 7.5, 11.75], "texture": "#0"},
				"up": {"uv": [2, 13.25, 1.75, 11.5], "texture": "#0"},
				"down": {"uv": [2.25, 11.5, 2, 13.25], "texture": "#0"}
			}
		},
		{
			"from": [14, 1, 1],
			"to": [15, 13, 2],
			"rotation": {"angle": 0, "axis": "y", "origin": [7, 0, -2]},
			"faces": {
				"north": {"uv": [1.75, 8.5, 2, 11.5], "texture": "#0"},
				"east": {"uv": [2, 8.5, 2.25, 11.5], "texture": "#0"},
				"south": {"uv": [2.25, 8.5, 2.5, 11.5], "texture": "#0"},
				"west": {"uv": [2.5, 8.75, 2.75, 11.75], "texture": "#0"},
				"up": {"uv": [0.25, 12, 0, 11.75], "texture": "#0"},
				"down": {"uv": [0.5, 11.75, 0.25, 12], "texture": "#0"}
			}
		},
		{
			"from": [1, 1, 1],
			"to": [2, 13, 2],
			"rotation": {"angle": 0, "axis": "y", "origin": [-6, 0, -2]},
			"faces": {
				"north": {"uv": [2.75, 8.75, 3, 11.75], "texture": "#0"},
				"east": {"uv": [3, 8.75, 3.25, 11.75], "texture": "#0"},
				"south": {"uv": [3.25, 8.75, 3.5, 11.75], "texture": "#0"},
				"west": {"uv": [3.5, 8.75, 3.75, 11.75], "texture": "#0"},
				"up": {"uv": [0.75, 12, 0.5, 11.75], "texture": "#0"},
				"down": {"uv": [12, 0.5, 11.75, 0.75], "texture": "#0"}
			}
		},
		{
			"from": [1, 1, 14],
			"to": [2, 13, 15],
			"rotation": {"angle": 0, "axis": "y", "origin": [-6, 0, 11]},
			"faces": {
				"north": {"uv": [3.75, 8.75, 4, 11.75], "texture": "#0"},
				"east": {"uv": [4, 8.75, 4.25, 11.75], "texture": "#0"},
				"south": {"uv": [4.25, 8.75, 4.5, 11.75], "texture": "#0"},
				"west": {"uv": [4.5, 8.75, 4.75, 11.75], "texture": "#0"},
				"up": {"uv": [1, 12, 0.75, 11.75], "texture": "#0"},
				"down": {"uv": [12, 0.75, 11.75, 1], "texture": "#0"}
			}
		},
		{
			"from": [2, 0, 2],
			"to": [14, 5, 14],
			"rotation": {"angle": 0, "axis": "y", "origin": [5, 0, 12]},
			"faces": {
				"north": {"uv": [3, 5, 6, 6.25], "texture": "#0"},
				"east": {"uv": [5.5, 0, 8.5, 1.25], "texture": "#0"},
				"south": {"uv": [5.5, 1.25, 8.5, 2.5], "texture": "#0"},
				"west": {"uv": [5.5, 2.5, 8.5, 3.75], "texture": "#0"},
				"up": {"uv": [3, 3, 0, 0], "texture": "#0"},
				"down": {"uv": [3, 3, 0, 6], "texture": "#0"}
			}
		},
		{
			"from": [3, 5, 3],
			"to": [13, 10, 13],
			"rotation": {"angle": 0, "axis": "y", "origin": [5, 5, 12]},
			"faces": {
				"north": {"uv": [5.5, 6.25, 8, 7.5], "texture": "#0"},
				"east": {"uv": [0, 7.25, 2.5, 8.5], "texture": "#0"},
				"south": {"uv": [2.5, 7.5, 5, 8.75], "texture": "#0"},
				"west": {"uv": [5, 7.5, 7.5, 8.75], "texture": "#0"},
				"up": {"uv": [5.5, 2.5, 3, 0], "texture": "#0"},
				"down": {"uv": [5.5, 2.5, 3, 5], "texture": "#0"}
			}
		},
		{
			"from": [10, 8, 9],
			"to": [12, 13, 11],
			"rotation": {"angle": 22.5, "axis": "x", "origin": [4, 8, 10]},
			"faces": {
				"north": {"uv": [8.5, 8.75, 9, 10], "texture": "#0"},
				"east": {"uv": [5.75, 9, 6.25, 10.25], "texture": "#0"},
				"south": {"uv": [6.25, 9, 6.75, 10.25], "texture": "#0"},
				"west": {"uv": [6.75, 9, 7.25, 10.25], "texture": "#0"},
				"up": {"uv": [10, 8, 9.5, 7.5], "texture": "#0"},
				"down": {"uv": [10, 8, 9.5, 8.5], "texture": "#0"}
			}
		},
		{
			"from": [7, 8, 9],
			"to": [9, 13, 11],
			"rotation": {"angle": 22.5, "axis": "x", "origin": [1, 8, 10]},
			"faces": {
				"north": {"uv": [7.25, 9, 7.75, 10.25], "texture": "#0"},
				"east": {"uv": [7.75, 9, 8.25, 10.25], "texture": "#0"},
				"south": {"uv": [9, 8.75, 9.5, 10], "texture": "#0"},
				"west": {"uv": [9.5, 8.75, 10, 10], "texture": "#0"},
				"up": {"uv": [10.5, 8, 10, 7.5], "texture": "#0"},
				"down": {"uv": [10.5, 8, 10, 8.5], "texture": "#0"}
			}
		},
		{
			"from": [4, 8, 9],
			"to": [6, 13, 11],
			"rotation": {"angle": 22.5, "axis": "x", "origin": [-2, 8, 10]},
			"faces": {
				"north": {"uv": [8.25, 10, 8.75, 11.25], "texture": "#0"},
				"east": {"uv": [8.75, 10, 9.25, 11.25], "texture": "#0"},
				"south": {"uv": [10, 8.75, 10.5, 10], "texture": "#0"},
				"west": {"uv": [9.25, 10, 9.75, 11.25], "texture": "#0"},
				"up": {"uv": [12, 6.25, 11.5, 5.75], "texture": "#0"},
				"down": {"uv": [12, 8.5, 11.5, 9], "texture": "#0"}
			}
		},
		{
			"from": [4, 8, 5],
			"to": [6, 13, 7],
			"rotation": {"angle": -22.5, "axis": "x", "origin": [-2, 8, 6]},
			"faces": {
				"north": {"uv": [9.75, 10, 10.25, 11.25], "texture": "#0"},
				"east": {"uv": [5.75, 10.25, 6.25, 11.5], "texture": "#0"},
				"south": {"uv": [6.25, 10.25, 6.75, 11.5], "texture": "#0"},
				"west": {"uv": [6.75, 10.25, 7.25, 11.5], "texture": "#0"},
				"up": {"uv": [9.25, 12, 8.75, 11.5], "texture": "#0"},
				"down": {"uv": [12, 9, 11.5, 9.5], "texture": "#0"}
			}
		},
		{
			"from": [7, 8, 5],
			"to": [9, 13, 7],
			"rotation": {"angle": -22.5, "axis": "x", "origin": [1, 8, 6]},
			"faces": {
				"north": {"uv": [7.25, 10.25, 7.75, 11.5], "texture": "#0"},
				"east": {"uv": [7.75, 10.25, 8.25, 11.5], "texture": "#0"},
				"south": {"uv": [10.25, 10, 10.75, 11.25], "texture": "#0"},
				"west": {"uv": [10.5, 7.5, 11, 8.75], "texture": "#0"},
				"up": {"uv": [9.75, 12, 9.25, 11.5], "texture": "#0"},
				"down": {"uv": [12, 9.5, 11.5, 10], "texture": "#0"}
			}
		},
		{
			"from": [10, 8, 5],
			"to": [12, 13, 7],
			"rotation": {"angle": -22.5, "axis": "x", "origin": [4, 8, 6]},
			"faces": {
				"north": {"uv": [10.5, 8.75, 11, 10], "texture": "#0"},
				"east": {"uv": [10.75, 10, 11.25, 11.25], "texture": "#0"},
				"south": {"uv": [11, 7.5, 11.5, 8.75], "texture": "#0"},
				"west": {"uv": [11, 8.75, 11.5, 10], "texture": "#0"},
				"up": {"uv": [10.25, 12, 9.75, 11.5], "texture": "#0"},
				"down": {"uv": [12, 10.25, 11.5, 10.75], "texture": "#0"}
			}
		},
		{
			"from": [4, 10, 6],
			"to": [12, 11, 10],
			"rotation": {"angle": 0, "axis": "y", "origin": [4, 8, 9]},
			"faces": {
				"north": {"uv": [10, 6.25, 12, 6.5], "texture": "#0"},
				"east": {"uv": [11.5, 10.75, 12.5, 11], "texture": "#0"},
				"south": {"uv": [10, 6.5, 12, 6.75], "texture": "#0"},
				"west": {"uv": [11.5, 11, 12.5, 11.25], "texture": "#0"},
				"up": {"uv": [9.5, 8.5, 7.5, 7.5], "texture": "#0"},
				"down": {"uv": [10, 6.25, 8, 7.25], "texture": "#0"}
			}
		},
		{
			"from": [2.5, 5.25, 2],
			"to": [13.5, 10, 3],
			"rotation": {"angle": 0, "axis": "y", "origin": [5, 5, 2]},
			"faces": {
				"north": {"uv": [5.5, 3.75, 8.25, 5], "texture": "#0"},
				"east": {"uv": [2.25, 11.5, 2.5, 12.75], "texture": "#0"},
				"south": {"uv": [0, 6, 2.75, 7.25], "texture": "#0"},
				"west": {"uv": [11.5, 7.25, 11.75, 8.5], "texture": "#0"},
				"up": {"uv": [11.5, 5.75, 8.75, 5.5], "texture": "#0"},
				"down": {"uv": [8.5, 8.75, 5.75, 9], "texture": "#0"}
			}
		},
		{
			"from": [2.5, 5.25, 13],
			"to": [13.5, 10, 14],
			"rotation": {"angle": 0, "axis": "y", "origin": [5, 5, 13]},
			"faces": {
				"north": {"uv": [6, 5, 8.75, 6.25], "texture": "#0"},
				"east": {"uv": [7.5, 11.5, 7.75, 12.75], "texture": "#0"},
				"south": {"uv": [2.75, 6.25, 5.5, 7.5], "texture": "#0"},
				"west": {"uv": [7.75, 11.5, 8, 12.75], "texture": "#0"},
				"up": {"uv": [11.5, 6, 8.75, 5.75], "texture": "#0"},
				"down": {"uv": [11.5, 6, 8.75, 6.25], "texture": "#0"}
			}
		}
	]
}