{
	"credit": "Made with Blockbench",
	"texture_size": [32, 32],
	"textures": {
		"0": "item/dead_fire_coral_fan",
		"particle": "item/dead_fire_coral_fan"
	},
	"elements": [
		{
			"from": [6, 0, 3],
			"to": [10, 2, 13],
			"rotation": {"angle": 0, "axis": "y", "origin": [7, 0, 7]},
			"faces": {
				"north": {"uv": [2, 6, 4, 7], "texture": "#0"},
				"east": {"uv": [2, 5, 7, 6], "texture": "#0"},
				"south": {"uv": [6, 2, 8, 3], "texture": "#0"},
				"west": {"uv": [6, 0, 11, 1], "texture": "#0"},
				"up": {"uv": [2, 5, 0, 0], "texture": "#0"},
				"down": {"uv": [4, 0, 2, 5], "texture": "#0"}
			}
		},
		{
			"from": [6, 2, 3],
			"to": [10, 3, 13],
			"rotation": {"angle": -22.5, "axis": "z", "origin": [10, 2, 8]},
			"faces": {
				"north": {"uv": [6, 4, 8, 4.5], "texture": "#0"},
				"east": {"uv": [6, 1, 11, 1.5], "texture": "#0"},
				"south": {"uv": [6, 4.5, 8, 5], "texture": "#0"},
				"west": {"uv": [6, 1.5, 11, 2], "texture": "#0"},
				"up": {"uv": [6, 5, 4, 0], "texture": "#0"},
				"down": {"uv": [2, 5, 0, 10], "texture": "#0"}
			}
		},
		{
			"from": [5.9, 1, 7.5],
			"to": [5.9, 3, 8.5],
			"rotation": {"angle": -22.5, "axis": "z", "origin": [9.9, 2, 8]},
			"faces": {
				"north": {"uv": [0, 0, 0, 1], "texture": "#0"},
				"east": {"uv": [5, 6, 5.5, 7], "texture": "#0"},
				"south": {"uv": [0, 0, 0, 1], "texture": "#0"},
				"west": {"uv": [5.5, 6, 6, 7], "texture": "#0"},
				"up": {"uv": [0, 0.5, 0, 0], "texture": "#0"},
				"down": {"uv": [0, 0, 0, 0.5], "texture": "#0"}
			}
		},
		{
			"from": [7.5, 3, 6],
			"to": [8.5, 4, 10],
			"rotation": {"angle": -22.5, "axis": "z", "origin": [10, 2, 8]},
			"faces": {
				"north": {"uv": [6, 6, 6.5, 6.5], "texture": "#0"},
				"east": {"uv": [6, 3, 8, 3.5], "texture": "#0"},
				"south": {"uv": [6, 6.5, 6.5, 7], "texture": "#0"},
				"west": {"uv": [6, 3.5, 8, 4], "texture": "#0"},
				"up": {"uv": [4.5, 8, 4, 6], "texture": "#0"},
				"down": {"uv": [5, 6, 4.5, 8], "texture": "#0"}
			}
		}
	],
	"display": {
		"thirdperson_righthand": {
			"rotation": [10.63, 50.49, -3.57],
			"translation": [-0.75, 7.5, 1]
		},
		"firstperson_righthand": {
			"rotation": [0, 68, 0],
			"translation": [-6.75, 9.75, 2.75]
		},
		"ground": {
			"translation": [0, 6.25, 0]
		},
		"gui": {
			"rotation": [-159, 42.25, -180],
			"translation": [0, 8.5, 0],
			"scale": [1.5, 1.5, 1.5]
		}
	},
	"groups": [
		0,
		{
			"name": "open",
			"origin": [7, 0, 6],
			"color": 0,
			"children": [1, 2, 3]
		}
	]
}