{
	"credit": "Made with Blockbench",
	"texture_size": [8, 8],
	"textures": {
		"1": "item/iron_horse_armor",
		"particle": "item/iron_horse_armor"
	},
	"elements": [
		{
			"from": [6, -0.025, 7.025],
			"to": [11, 0.975, 8.025],
			"rotation": {"angle": -22.5, "axis": "y", "origin": [8.625, 0.475, 7.5]},
			"faces": {
				"north": {"uv": [10, 6, 0, 8], "rotation": 180, "texture": "#1"},
				"east": {"uv": [0, 10, 2, 12], "rotation": 270, "texture": "#1"},
				"south": {"uv": [10, 6, 0, 4], "texture": "#1"},
				"west": {"uv": [10, 0, 12, 2], "rotation": 90, "texture": "#1"},
				"up": {"uv": [0, 0, 10, 2], "rotation": 180, "texture": "#1"},
				"down": {"uv": [0, 2, 10, 4], "texture": "#1"}
			}
		},
		{
			"from": [2, 0.475, 7.325],
			"to": [6, 0.475, 7.625],
			"rotation": {"angle": -22.5, "axis": "y", "origin": [8.625, 0.475, 7.5]},
			"faces": {
				"north": {"uv": [8, 0, 0, 0], "rotation": 180, "texture": "#1"},
				"east": {"uv": [0, 0, 0, 1], "rotation": 270, "texture": "#1"},
				"south": {"uv": [8, 0, 0, 0], "texture": "#1"},
				"west": {"uv": [0, 0, 0, 1], "rotation": 90, "texture": "#1"},
				"up": {"uv": [0, 8, 8, 9], "rotation": 180, "texture": "#1"},
				"down": {"uv": [8, 8, 16, 9], "texture": "#1"}
			}
		},
		{
			"from": [11, 0.475, 7.225],
			"to": [13, 0.475, 7.725],
			"rotation": {"angle": -22.5, "axis": "y", "origin": [8.625, 0.475, 7.5]},
			"faces": {
				"north": {"uv": [4, 0, 0, 0], "rotation": 180, "texture": "#1"},
				"east": {"uv": [0, 0, 0, 1], "rotation": 270, "texture": "#1"},
				"south": {"uv": [4, 0, 0, 0], "texture": "#1"},
				"west": {"uv": [0, 0, 0, 1], "rotation": 90, "texture": "#1"},
				"up": {"uv": [2, 10, 6, 11], "rotation": 180, "texture": "#1"},
				"down": {"uv": [10, 2, 14, 3], "texture": "#1"}
			}
		},
		{
			"from": [13, 0.475, 6.725],
			"to": [13.5, 0.475, 8.225],
			"rotation": {"angle": -22.5, "axis": "y", "origin": [8.625, 0.475, 7.5]},
			"faces": {
				"north": {"uv": [1, 0, 0, 0], "rotation": 180, "texture": "#1"},
				"east": {"uv": [0, 0, 0, 3], "rotation": 270, "texture": "#1"},
				"south": {"uv": [1, 0, 0, 0], "texture": "#1"},
				"west": {"uv": [0, 0, 0, 3], "rotation": 90, "texture": "#1"},
				"up": {"uv": [10, 4, 11, 7], "rotation": 180, "texture": "#1"},
				"down": {"uv": [6, 10, 7, 13], "texture": "#1"}
			}
		}
	],
	"display": {
		"thirdperson_righthand": {
			"rotation": [-19.23, 3.71, 73.2],
			"translation": [-7.25, 0, 1.25]
		},
		"firstperson_righthand": {
			"rotation": [54, -49, 36],
			"translation": [-5.5, 9.75, 4.75]
		},
		"gui": {
			"rotation": [31.57, -17.52, -31.09],
			"translation": [4.5, 7.5, 0],
			"scale": [1.5, 1.5, 1.5]
		}
	}
}