{
	"credit": "Made with Blockbench",
	"textures": {
		"0": "item/iron_axe",
		"particle": "item/iron_axe"
	},
	"elements": [
		{
			"from": [7, 0, 7],
			"to": [8, 16, 8],
			"rotation": {"angle": 0, "axis": "y", "origin": [7, 0, 7]},
			"faces": {
				"north": {"uv": [0, 0, 1, 16], "texture": "#0"},
				"east": {"uv": [1, 0, 2, 16], "texture": "#0"},
				"south": {"uv": [2, 0, 3, 16], "texture": "#0"},
				"west": {"uv": [3, 0, 4, 16], "texture": "#0"},
				"up": {"uv": [9, 7, 8, 6], "texture": "#0"},
				"down": {"uv": [8, 8, 7, 9], "texture": "#0"}
			}
		},
		{
			"from": [6, 11, 7.5],
			"to": [10, 15, 7.5],
			"rotation": {"angle": 0, "axis": "y", "origin": [8, 11, 5.5]},
			"faces": {
				"north": {"uv": [4, 0, 8, 4], "texture": "#0"},
				"east": {"uv": [0, 0, 0, 4], "texture": "#0"},
				"south": {"uv": [4, 4, 8, 8], "texture": "#0"},
				"west": {"uv": [0, 0, 0, 4], "texture": "#0"},
				"up": {"uv": [4, 0, 0, 0], "texture": "#0"},
				"down": {"uv": [4, 0, 0, 0], "texture": "#0"}
			}
		},
		{
			"from": [5, 12, 7.5],
			"to": [6, 14, 7.5],
			"rotation": {"angle": 0, "axis": "y", "origin": [4, 11, 5.5]},
			"faces": {
				"north": {"uv": [5, 8, 6, 10], "texture": "#0"},
				"east": {"uv": [0, 0, 0, 2], "texture": "#0"},
				"south": {"uv": [6, 8, 7, 10], "texture": "#0"},
				"west": {"uv": [0, 0, 0, 2], "texture": "#0"},
				"up": {"uv": [1, 0, 0, 0], "texture": "#0"},
				"down": {"uv": [1, 0, 0, 0], "texture": "#0"}
			}
		},
		{
			"from": [10, 10, 7.5],
			"to": [11, 16, 7.5],
			"rotation": {"angle": 0, "axis": "y", "origin": [9, 11, 5.5]},
			"faces": {
				"north": {"uv": [8, 0, 9, 6], "texture": "#0"},
				"east": {"uv": [0, 0, 0, 6], "texture": "#0"},
				"south": {"uv": [4, 8, 5, 14], "texture": "#0"},
				"west": {"uv": [0, 0, 0, 6], "texture": "#0"},
				"up": {"uv": [1, 0, 0, 0], "texture": "#0"},
				"down": {"uv": [1, 0, 0, 0], "texture": "#0"}
			}
		}
	],
	"display": {
		"thirdperson_righthand": {
			"rotation": [0, 90, 0],
			"translation": [0.5, 1, 0.75]
		},
		"thirdperson_lefthand": {
			"rotation": [0, -90, 0],
			"translation": [-0.5, 1, 0.75]
		},
		"firstperson_righthand": {
			"rotation": [13, 102, -1],
			"translation": [0, 3, 1],
			"scale": [1, 1, 1.01]
		},
		"ground": {
			"rotation": [90, 0, 0],
			"translation": [0, -3.25, 0]
		},
		"gui": {
			"rotation": [0, -22, -26],
			"scale": [0.99, 1, 1]
		},
		"head": {
			"translation": [0, -2.25, 0]
		}
	}
}