{
	"credit": "Made with Blockbench",
	"texture_size": [32, 32],
	"textures": {
		"0": "item/potion",
		"particle": "item/potion"
	},
	"elements": [
		{
			"from": [3, 0, 1],
			"to": [13, 2.6, 15],
			"rotation": {"angle": 0, "axis": "y", "origin": [8, 0, 2]},
			"faces": {
				"north": {"uv": [0, 8.5, 5, 10], "texture": "#0"},
				"east": {"uv": [0, 7, 7, 8.5], "texture": "#0"},
				"south": {"uv": [5, 8.5, 10, 10], "texture": "#0"},
				"west": {"uv": [7, 7, 14, 8.5], "texture": "#0"},
				"up": {"uv": [5, 7, 0, 0], "texture": "#0"},
				"down": {"uv": [10, 0, 5, 7], "texture": "#0"}
			}
		},
		{
			"from": [1.2, 0.8, 5],
			"to": [3.2, 1.8, 6],
			"rotation": {"angle": 22.5, "axis": "y", "origin": [1.2, 0.8, 5]},
			"faces": {
				"north": {"uv": [3.5, 10, 4.5, 10.5], "texture": "#0"},
				"east": {"uv": [10, 6, 10.5, 6.5], "texture": "#0"},
				"south": {"uv": [10, 3.5, 11, 4], "texture": "#0"},
				"west": {"uv": [6.5, 10, 7, 10.5], "texture": "#0"},
				"up": {"uv": [11, 4.5, 10, 4], "texture": "#0"},
				"down": {"uv": [5.5, 10, 4.5, 10.5], "texture": "#0"}
			}
		},
		{
			"from": [1.5, 0.8, 10.1],
			"to": [3.5, 1.8, 11.1],
			"rotation": {"angle": -22.5, "axis": "y", "origin": [1.5, 0.8, 10.1]},
			"faces": {
				"north": {"uv": [10, 4.5, 11, 5], "texture": "#0"},
				"east": {"uv": [10, 6.5, 10.5, 7], "texture": "#0"},
				"south": {"uv": [10, 5, 11, 5.5], "texture": "#0"},
				"west": {"uv": [7, 10, 7.5, 10.5], "texture": "#0"},
				"up": {"uv": [6.5, 10.5, 5.5, 10], "texture": "#0"},
				"down": {"uv": [11, 5.5, 10, 6], "texture": "#0"}
			}
		},
		{
			"from": [1, 0.8, 5],
			"to": [2, 1.8, 11],
			"rotation": {"angle": 0, "axis": "y", "origin": [0, 0.8, 7]},
			"faces": {
				"north": {"uv": [7.5, 10, 8, 10.5], "texture": "#0"},
				"east": {"uv": [0, 10, 3, 10.5], "texture": "#0"},
				"south": {"uv": [8, 10, 8.5, 10.5], "texture": "#0"},
				"west": {"uv": [10, 0, 13, 0.5], "texture": "#0"},
				"up": {"uv": [10.5, 3.5, 10, 0.5], "texture": "#0"},
				"down": {"uv": [3.5, 10, 3, 13], "texture": "#0"}
			}
		}
	],
	"display": {
		"thirdperson_righthand": {
			"rotation": [-90, -180, 90],
			"translation": [6.75, -2, -5.75]
		},
		"firstperson_righthand": {
			"rotation": [174.25, -61.25, 112.5],
			"translation": [-10.75, 3.25, 5]
		},
		"ground": {
			"translation": [0, 5, 0]
		},
		"gui": {
			"rotation": [41, 36, 0],
			"translation": [0, 5.5, 0]
		}
	}
}